id	section	illustration	original_scripture
1	OT	The Creation of Light	Genesis 1:3
2	OT	The Formation of Eve / The Creation of Eve	Genesis 2:21-22
3	OT	Adam and Eve Driven Out of Eden	Genesis 3:24
4	OT	Cain and Abel Offering Their Sacrifices	Genesis 4:3-5
5	OT	The Death of Abel / Cain Slays Abel	Genesis 4:8-9
6	OT	The World Destroyed by Water	Genesis 7:24
7	OT	The Deluge / The Great Flood	Genesis 8:3-4
8	OT	The Dove Sent Forth from the Ark	Genesis 8:11
9	OT	Noah Cursing Canaan	Genesis 9:24-25
10	OT	The Confusion of Tongues	Genesis 11:6-8
11	OT	Abraham Journeying into the Land of Canaan	Genesis 12:1
12	OT	Abraham and the Three Angels	Genesis 18:9-10
13	OT	The Flight of Lot	Genesis 19:24-26
14	OT	The Expulsion of Ishmael and His Mother	Genesis 21:14
15	OT	Hagar and Ishmael in the Wilderness	Genesis 21:17-18
16	OT	The Trial of Abraham's Faith	Genesis 22:10-12
17	OT	The Burial of Sarah	Genesis 23:19
18	OT	Eliezer and Rebekah	Genesis 24:16
19	OT	The Meeting of Isaac and Rebekah	Genesis 24:65-67
20	OT	Isaac Blessing Jacob	Genesis 27:29
21	OT	Jacob's Dream	Genesis 28:12
22	OT	Jacob Keeping Laban's Flocks	Genesis 29:1-20
23	OT	The Prayer of Jacob	Genesis 32:11
24	OT	Jacob Wrestling with the Angel	Genesis 32:24
25	OT	The Meeting of Jacob and Esau	Genesis 33:3-4
26	OT	Joseph Sold by His Brethren	Genesis 37:28
27	OT	Joseph Interpreting the Pharaoh's Dream	Genesis 41:25-26
28	OT	Joseph Makes Himself Known to His Brethren	Genesis 45:1
29	OT	Jacob Goeth Into Egypt	Genesis 46:5
30	OT	The Child Moses on the Nile	Exodus 2:3
31	OT	The Finding of Moses	Exodus 2:6
32	OT	Moses and Aaron Before Pharaoh	Exodus 7:10
33	OT	The Murrain of Beasts	Exodus 9:2-3
34	OT	The Plague of Darkness	Exodus 10:22
35	OT	The Firstborn Slain	Exodus 12:29-30
36	OT	The Egyptians Urge Moses to Depart	Exodus 12:31
37	OT	The Egyptians Drowned in the Red Sea	Exodus 14:27
38	OT	Moses Striking the Rock in Horeb	Exodus 17:6
39	OT	The Giving of the Law Upon Mt. Sinai	Exodus 19:18
40	OT	Moses Coming Down From Mt. Sinai	Exodus 32:15
41	OT	Moses Breaking the Tablets of the Law	Exodus 32:19
42	OT	Return of the Spies from the Land of Promise	Numbers 13:27
43	OT	Death of Korah, Dathan, and Abiram	Numbers 16:32
44	OT	The Brazen Serpent / The Bronze Serpent	Numbers 21:9
45	OT	The Angel Appearing to Balaam	Numbers 22:23
46	OT	The Children of Israel Crossing Jordan	Joshua 3:17
47	OT	The Angel Appearing to Joshua	Joshua 5:9-15
48	OT	The Walls of Jericho Falling Down	Joshua 6:20
49	OT	Joshua Spares Rahab	Joshua 6:25
50	OT	The Stoning of Achan	Joshua 7:25
51	OT	Joshua Committing the Town of Ai to the Flames	Joshua 8:20
52	OT	Destruction of the Army of the Amorites	Joshua 10:11
53	OT	Joshua Commanding the Sun to Stand Still	Joshua 10:13
54	OT	Jael and Sisera	Judges 4:21
55	OT	Deborah	Judges 5:7-9
56	OT	Gideon Choosing His Soldiers	Judges 7:7
57	OT	The Midianites Put to Flight	Judges 7:22-23
58	OT	Death of the Sons of Gideon	Judges 9:5
59	OT	Death of Abimelech	Judges 9:52-53
60	OT	Jephthah's Daughter Coming to Meet Her Father	Judges 11:34
61	OT	The Daughters of Israel Lamenting the Daughter of Jephthah	Judges 11:40
62	OT	Samson Slaying a Lion	Judges 14:5-6
63	OT	Samson Destroying the Philistines With the Jawbone of an Ass	Judges 15:15
64	OT	Samson Carrying Away the Gates of Gaza	Judges 16:3
65	OT	Samson and Delilah	Judges 16:17
66	OT	Death of Samson	Judges 16:30
67	OT	The Levite Finding the Corpse of the Woman	Judges 19:25-27
68	OT	The Levite Bearing Away the Body of the Woman	Judges 19:30
69	OT	The Children of Benjamin Carrying Off the Virgins of Jabesh-Gilead	Judges 21:12
70	OT	Naomi and Her Daughters-In-Law	Ruth 1:16
71	OT	Boaz and Ruth	Ruth 2:22-23
72	OT	Return of the Ark to Bethshemesh	1 Samuel 6:13
73	OT	Samuel Blessing Saul	1 Samuel 9:21
74	OT	Death of Agag	1 Samuel 15:33
75	OT	David and Goliath	1 Samuel 17:50
76	OT	Saul Attempts the Life of David	1 Samuel 18:11-12
77	OT	The Escape of David Through the Window	1 Samuel 19:11-12
78	OT	David and Jonathan	1 Samuel 20:42
79	OT	David Showing Saul that He had Spared His Life	1 Samuel 24:10
80	OT	Saul and the Witch of Endor	1 Samuel 28:7
81	OT	Death of Saul	1 Samuel 31:5-6
82	OT	Combat Between the Champions of Ish-Bosheth and David	2 Samuel 2:15-17
83	OT	David Punishing the Ammonites	2 Samuel 12:31
84	OT	Death of Absalom	2 Samuel 18:9
85	OT	David Mourning the Death of Absalom	2 Samuel 18:33
86	OT	Rizpah's Kindness Unto the Dead	2 Samuel 21:9-10
87	OT	Abishai Saves the Life of David	2 Samuel 21:17
88	OT	Judgment of Solomon	1 Kings 3:25-27
89	OT	Cutting Down Cedars for the Construction of the Temple	1 Kings 5:5-6
90	OT	The Disobedient Prophet Slain by a Lion	1 Kings 13:24-25
91	OT	Elijah Raiseth the Son of the Widow of Zarephath	1 Kings 17:22-23
92	OT	Slaughter of the Prophets of Baal	1 Kings 18:38-40
93	OT	Elijah Nourished by an Angel	1 Kings 19:5-6
94	OT	Slaughter of the Syrians by the Children of Israel	1 Kings 20:29
95	OT	Death of Ahab	1 Kings 22:35
96	OT	Elijah Destroys the Messengers of Ahaziah by Fire	2 Kings 1:10
97	OT	Elijah Taken Up To Heaven in a Chariot of Fire	2 Kings 2:11
98	OT	The Children Destroyed by Bears	2 Kings 2:23-24
99	OT	The Famine in Samaria	2 Kings 6:25-26
100	OT	The Death of Jezebel	2 Kings 9:33
101	OT	Jehu's Companions Finding the Remains of Jezebel	2 Kings 9:34-35
102	OT	The Strange Nations Slain by the Lions of Samaria	2 Kings 17:25
103	OT	Destruction of the Army of Sennacherib	2 Kings 19:35
104	OT	Slaughter of the Sons of Zedekiah Before Their Father	2 Kings 25:7
105	OT	The Inhabitants of Jabesh-Gilead Recovering the Bodies of Saul and His Sons	1 Chronicles 10:12
106	OT	Plague of Jerusalem	1 Chronicles 21:16
107	OT	Solomon	2 Chronicles 1:10
108	OT	Solomon Receiving the Queen of Sheba	2 Chronicles 9:1-2
109	OT	The Destruction of the Armies of the Ammonites and Moabites	2 Chronicles 20:22-23
110	OT	Death of Athaliah	2 Chronicles 23:13-15
111	OT	Cyrus Restoring the Vessels of the Temple	Ezra 1:7-8
112	OT	The Rebuilding of the Temple	Ezra 3:11
113	OT	Artaxerxes Granting Liberty to the Jews	Ezra 7:13
114	OT	Ezra in Prayer	Ezra 9:6
115	OT	Nehemiah Viewing Secretly the Ruins of the Walls of Jerusalem	Nehemiah 2:13
116	OT	Ezra Reading the Law in the Hearing of the People	Nehemiah 8:5-6
117	OT	The Queen Vashti Refusing to Obey the Command of Ahasuerus	Esther 1:11-12
118	OT	Triumph of Mordecai	Esther 6:11
119	OT	Esther Accusing Haman	Esther 7:5-6
120	OT	Job Hearing of His Ruin	Job 1:20-22
121	OT	Job and His Friends	Job 2:11-13
122	OT	Isaiah	Isaiah 6:8-9
123	OT	Isaiah's Vision of the Destruction of Babylon	Isaiah 13:20-21
124	OT	The Destruction of Leviathan	Isaiah 27:1
125	OT	Jeremiah	Jeremiah 1:14-15
126	OT	Baruch Writing Jeremiah's Prophecies	Jeremiah 36:4
127	OT	The People Mourning Over the Ruins of Jerusalem	Lamentations 1:8
128	OT	Ezekiel Prophesying	Ezekiel 1:3
129	OT	The Vision of the Valley of the Dry Bones	Ezekiel 37:4-5
130	OT	Daniel	Daniel 2:20-21
131	OT	Shadrach, Meshach, and Abednego in the Fiery Furnace	Daniel 3:28
132	OT	Daniel Interpreting the Writing on the Wall	Daniel 5:5-6
133	OT	Daniel in the Den of Lions	Daniel 6:20-21
134	OT	The Vision of the Four Beasts	Daniel 7:2-3
135	OT	Amos	Amos 1:1
136	OT	Jonah Cast Forth by the Whale	Jonah 2:1,10
137	OT	Jonah Preaching to the Ninevites	Jonah 3:4-5
138	OT	Micah Exhorting the Israelites to Repentance	Micah 6:7-8
139	OT	The Vision of the Four Chariots	Zechariah 6:1
140	DEUTERO	Tobias and the Angel	Tobit 6:4
141	DEUTERO	The Angel Raphael and the Family of Tobit	Tobit 12:15,20
142	DEUTERO	Judith and Holofernes	Judith 13:8
143	DEUTERO	Judith Shows the Head of Holofernes	Judith 13:14
144	DEUTERO	Esther Before the King	Esther 15:6-7 (Vulgate addition)
145	DEUTERO	Mattathias and the Apostate	1 Maccabees 2:23-24
146	DEUTERO	Mattathias Appeals to the Jewish Refugees	1 Maccabees 2:50
147	DEUTERO	Judas Maccabeus Pursues Timotheus	1 Maccabees 5:42
148	DEUTERO	The Death of Eleazar	1 Maccabees 6:43,46
149	DEUTERO	Jonathan Destroys the Temple of Dagon	1 Maccabees 10:84
150	DEUTERO	Heliodorus Is Cast Down	2 Maccabees 3:25-27
151	DEUTERO	The Army Appears in the Heavens	2 Maccabees 5:2
152	DEUTERO	The Martyrdom of Eleazar the Scribe	2 Maccabees 6:30
153	DEUTERO	The Courage of a Mother	2 Maccabees 7:29
154	DEUTERO	The Punishment of Antiochus	2 Maccabees 9:7,9
155	DEUTERO	The Angel Is Sent to Deliver Israel	2 Maccabees 11:8
156	DEUTERO	Judas Maccabeus before the Army of Nicanor	2 Maccabees 15:21
157	DEUTERO	Baruch	Baruch 3:14
158	DEUTERO	Susanna in the Bath	Susanna 21 / extended Daniel 13
159	DEUTERO	The Justification of Susanna	Susanna 61-62 / extended Daniel 13
160	DEUTERO	Daniel Confounds the Priests of Bel	Bel and the Dragon / extended Daniel 14
161	NT	The Wise Men Guided by the Star	Matthew 2:1-2
162	NT	The Flight Into Egypt	Matthew 2:13-14
163	NT	The Massacre of the Innocents	Matthew 2:16
164	NT	The Sermon on the Mount	Matthew 5:7-10
165	NT	The Dumb Man Possessed	Matthew 12:22-25
166	NT	Christ in the Synagogue	Matthew 13:54
167	NT	The Daughter of Herod Receiving the Head of John the Baptist	Matthew 14:8-10
168	NT	Christ Feeding the Multitude	Matthew 14:19
169	NT	Jesus Healing the Sick	Matthew 15:31
170	NT	The Transfiguration	Matthew 17:2-3
171	NT	Jesus Healing the Lunatic	Matthew 17:14-15
172	NT	Entry of Jesus Into Jerusalem	Matthew 21:7-8
173	NT	Christ and the Tribute Money	Matthew 22:20-21
174	NT	Jesus Praying in the Garden	Matthew 26:40-41
175	NT	Jesus Scourged	Matthew 27:26
176	NT	Christ Mocked	Matthew 27:29-30
177	NT	The Arrival at Calvary	Matthew 27:33-34
178	NT	The Erection of the Cross	Matthew 27:35
179	NT	The Descent From the Cross	Matthew 27:57-58
180	NT	The Dead Christ	Matthew 27:59
181	NT	The Burial of Christ	Matthew 27:60-61
182	NT	The Resurrection	Matthew 28:5-6
183	NT	John the Baptist Preaching in the Wilderness	Mark 1:6-7
184	NT	The Baptism of Jesus	Mark 1:9-11
185	NT	The Disciples Plucking Corn on the Sabbath	Mark 2:23-25
186	NT	Jesus Stilling the Tempest	Mark 4:37-38
187	NT	Jesus Blessing the Little Children	Mark 10:13-14
188	NT	The Widow's Mite	Mark 12:42-43
189	NT	The Last Supper	Mark 14:22-24
190	NT	The Judas Kiss	Mark 14:45-46
191	NT	Jesus Falling Beneath the Cross	Mark 15:21
192	NT	The Ascension	Mark 16:19
193	NT	The Annunciation	Luke 1:26-28
194	NT	The Nativity	Luke 2:15-16
195	NT	Jesus With the Doctors	Luke 2:46-47
196	NT	The Temptation of Jesus	Luke 4:7-8
197	NT	Jesus Healing the Man Possessed With a Devil	Luke 4:36-37
198	NT	Jesus Preaching at the Sea of Galilee	Luke 5:3
199	NT	Mary Magdalene Repentant	Luke 8:2
200	NT	Jesus Raising Up the Daughter of Jairus	Luke 8:52-54
201	NT	The Good Samaritan	Luke 10:33
202	NT	Arrival of the Good Samaritan at the Inn	Luke 10:34-35
203	NT	Jesus at the House of Martha and Mary	Luke 10:41-42
204	NT	Jesus Preaching to the Multitude	Luke 12:29-31
205	NT	The Return of the Prodigal Son	Luke 15:17
206	NT	The Prodigal Son in the Arms of His Father	Luke 15:20-21
207	NT	Lazarus at the Rich Man's House	Luke 16:20-21
208	NT	The Pharisee and the Publican	Luke 18:11-13
209	NT	The Agony in the Garden	Luke 22:43-44
210	NT	The Crucifixion	Luke 23:34-35
211	NT	The Darkness at the Crucifixion	Luke 23:44-45
212	NT	Jesus and the Disciples Going to Emmaus	Luke 24:26-27
213	NT	The Marriage in Cana	John 2:5-7
214	NT	The Buyers and Sellers Driven Out of the Temple	John 2:15
215	NT	Jesus and the Woman of Samaria	John 4:13-14
216	NT	Jesus Walking on the Sea	John 6:19-20
217	NT	Jesus and the Woman Taken in Adultery	John 8:3-5
218	NT	Resurrection of Lazarus	John 11:41-43
219	NT	St. Peter Denying Christ	John 18:26-27
220	NT	The Crown of Thorns	John 19:2-3
221	NT	Christ Presented to the People	John 19:15
222	NT	Nailing Christ to the Cross	John 19:18-19
223	NT	The Miraculous Draught of Fishes	John 21:10-11
224	NT	The Descent of the Spirit	Acts 2:2-3
225	NT	The Apostles Preaching the Gospel	Acts 2:32-33
226	NT	St. Peter and St. John at the Beautiful Gate	Acts 3:6-7
227	NT	Death of Ananias	Acts 5:4-5
228	NT	Martyrdom of St. Stephen	Acts 7:59-60
229	NT	Conversion of Saul	Acts 9:3-5
230	NT	St. Peter at the House of Cornelius	Acts 10:28
231	NT	St. Peter Delivered From Prison	Acts 12:7-8
232	NT	St. Paul at Ephesus	Acts 19:19
233	NT	St. Paul Rescued From the Multitude	Acts 21:34-35
234	NT	St. Paul Shipwrecked	Acts 27:43-44
235	NT	St. Paul Preaching to the Thessalonians	1 Thessalonians 2:11-12
236	NT	St. John at Patmos	Revelation 1:9
237	NT	The Vision of Death	Revelation 6:7-8
238	NT	The Crowned Virgin: A Vision of John	Revelation 12:1-3
239	NT	Babylon Fallen	Revelation 18:2
240	NT	The Last Judgment	Revelation 20:12
241	NT	The New Jerusalem	Revelation 21:1-2
