dore_id	classification	dore_title	original_reference	original_book	original_chapter	stage1_source_verified	stage2_primary_cover	stage2_cover_target	stage3_parallel_targets	stage4_semantic_reuse_targets	stage5_deuterocanon_cover_target	notes
001	CANONICAL	The Creation of Light	Genesis 1:3	Genesis	1	YES						
002	CANONICAL	The Formation of Eve	Genesis 2:21-22	Genesis	2	YES						
003	CANONICAL	Adam and Eve Driven Out of Eden	Genesis 3:24	Genesis	3	YES						
004	CANONICAL	Cain and Abel Offering Their Sacrifices	Genesis 4:3-5	Genesis	4	YES						
005	CANONICAL	The Death of Abel	Genesis 4:8-9	Genesis	4	YES						
006	CANONICAL	The World Destroyed by Water	Genesis 7:24	Genesis	7	YES						
007	CANONICAL	The Deluge	Genesis 8:3-4	Genesis	8	YES						
008	CANONICAL	The Dove Sent Forth from the Ark	Genesis 8:11	Genesis	8	YES						
009	CANONICAL	Noah Cursing Canaan	Genesis 9:24-25	Genesis	9	YES						
010	CANONICAL	The Confusion of Tongues	Genesis 11:6-8	Genesis	11	YES						
011	CANONICAL	Abraham Journeying into the Land of Canaan	Genesis 12:1	Genesis	12	YES						
012	CANONICAL	Abraham and the Three Angels	Genesis 18:9-10	Genesis	18	YES						
013	CANONICAL	The Flight of Lot	Genesis 19:24-26	Genesis	19	YES						
014	CANONICAL	The Expulsion of Ishmael and His Mother	Genesis 21:14	Genesis	21	YES						
015	CANONICAL	Hagar and Ishmael in the Wilderness	Genesis 21:17-18	Genesis	21	YES						
016	CANONICAL	The Trial of Abraham's Faith	Genesis 22:10-12	Genesis	22	YES						
017	CANONICAL	The Burial of Sarah	Genesis 23:19	Genesis	23	YES						
018	CANONICAL	Eliezer and Rebekah	Genesis 24:16	Genesis	24	YES						
019	CANONICAL	The Meeting of Isaac and Rebekah	Genesis 24:65-67	Genesis	24	YES						
020	CANONICAL	Isaac Blessing Jacob	Genesis 27:29	Genesis	27	YES						
021	CANONICAL	Jacob's Dream	Genesis 28:12	Genesis	28	YES						
022	CANONICAL	Jacob Keeping Laban's Flocks	Genesis 29:1-20	Genesis	29	YES						
023	CANONICAL	The Prayer of Jacob	Genesis 32:11	Genesis	32	YES						
024	CANONICAL	Jacob Wrestling with the Angel	Genesis 32:24	Genesis	32	YES						
025	CANONICAL	The Meeting of Jacob and Esau	Genesis 33:3-4	Genesis	33	YES						
026	CANONICAL	Joseph Sold by His Brethren	Genesis 37:28	Genesis	37	YES						
027	CANONICAL	Joseph Interpreting Pharaoh's Dream	Genesis 41:25-26	Genesis	41	YES						
028	CANONICAL	Joseph Makes Himself Known to His Brethren	Genesis 45:1	Genesis	45	YES						
029	CANONICAL	Jacob Goeth Into Egypt	Genesis 46:5	Genesis	46	YES						
030	CANONICAL	The Child Moses on the Nile	Exodus 2:3	Exodus	2	YES						
031	CANONICAL	The Finding of Moses	Exodus 2:6	Exodus	2	YES						
032	CANONICAL	Moses and Aaron Before Pharaoh	Exodus 7:10	Exodus	7	YES						
033	CANONICAL	The Murrain of Beasts	Exodus 9:2-3	Exodus	9	YES						
034	CANONICAL	The Plague of Darkness	Exodus 10:22	Exodus	10	YES						
035	CANONICAL	The Firstborn Slain	Exodus 12:29-30	Exodus	12	YES						
036	CANONICAL	The Egyptians Urge Moses to Depart	Exodus 12:31	Exodus	12	YES						
037	CANONICAL	The Egyptians Drowned in the Red Sea	Exodus 14:27	Exodus	14	YES						
038	CANONICAL	Moses Striking the Rock in Horeb	Exodus 17:6	Exodus	17	YES						
039	CANONICAL	The Giving of the Law Upon Mt. Sinai	Exodus 19:18	Exodus	19	YES						
040	CANONICAL	Moses Coming Down From Mt. Sinai	Exodus 32:15	Exodus	32	YES						
041	CANONICAL	Moses Breaking the Tablets of the Law	Exodus 32:19	Exodus	32	YES						
042	CANONICAL	Return of the Spies from the Land of Promise	Numbers 13:27	Numbers	13	YES						
043	CANONICAL	Death of Korah, Dathan, and Abiram	Numbers 16:32	Numbers	16	YES						
044	CANONICAL	The Brazen Serpent	Numbers 21:9	Numbers	21	YES						
045	CANONICAL	The Angel Appearing to Balaam	Numbers 22:23	Numbers	22	YES						
046	CANONICAL	The Children of Israel Crossing Jordan	Joshua 3:17	Joshua	3	YES						
047	CANONICAL	The Angel Appearing to Joshua	Joshua 5:9-15	Joshua	5	YES						
048	CANONICAL	The Walls of Jericho Falling Down	Joshua 6:20	Joshua	6	YES						
049	CANONICAL	Joshua Spares Rahab	Joshua 6:25	Joshua	6	YES						
050	CANONICAL	The Stoning of Achan	Joshua 7:25	Joshua	7	YES						
051	CANONICAL	Joshua Committing the Town of Ai to the Flames	Joshua 8:20	Joshua	8	YES						
052	CANONICAL	Destruction of the Army of the Amorites	Joshua 10:11	Joshua	10	YES						
053	CANONICAL	Joshua Commanding the Sun to Stand Still	Joshua 10:13	Joshua	10	YES						
054	CANONICAL	Jael and Sisera	Judges 4:21	Judges	4	YES						
055	CANONICAL	Deborah	Judges 5:7-9	Judges	5	YES						
056	CANONICAL	Gideon Choosing His Soldiers	Judges 7:7	Judges	7	YES						
057	CANONICAL	The Midianites Put to Flight	Judges 7:22-23	Judges	7	YES						
058	CANONICAL	Death of the Sons of Gideon	Judges 9:5	Judges	9	YES						
059	CANONICAL	Death of Abimelech	Judges 9:52-53	Judges	9	YES						
060	CANONICAL	Jephthah's Daughter Coming to Meet Her Father	Judges 11:34	Judges	11	YES						
061	CANONICAL	The Daughters of Israel Lamenting the Daughter of Jephthah	Judges 11:40	Judges	11	YES						
062	CANONICAL	Samson Slaying a Lion	Judges 14:5-6	Judges	14	YES						
063	CANONICAL	Samson Destroying the Philistines With the Jawbone of an Ass	Judges 15:15	Judges	15	YES						
064	CANONICAL	Samson Carrying Away the Gates of Gaza	Judges 16:3	Judges	16	YES						
065	CANONICAL	Samson and Delilah	Judges 16:17	Judges	16	YES						
066	CANONICAL	Death of Samson	Judges 16:30	Judges	16	YES						
067	CANONICAL	The Levite Finding the Corpse of the Woman	Judges 19:25-27	Judges	19	YES						
068	CANONICAL	The Levite Bearing Away the Body of the Woman	Judges 19:30	Judges	19	YES						
069	CANONICAL	The Children of Benjamin Carrying Off the Virgins of Jabesh-Gilead	Judges 21:12	Judges	21	YES						
070	CANONICAL	Naomi and Her Daughters-In-Law	Ruth 1:16	Ruth	1	YES						
071	CANONICAL	Boaz and Ruth	Ruth 2:22-23	Ruth	2	YES						
072	CANONICAL	Return of the Ark to Bethshemesh	1 Samuel 6:13	1 Samuel	6	YES						
073	CANONICAL	Samuel Blessing Saul	1 Samuel 9:21	1 Samuel	9	YES						
074	CANONICAL	Death of Agag	1 Samuel 15:33	1 Samuel	15	YES						
075	CANONICAL	David and Goliath	1 Samuel 17:50	1 Samuel	17	YES						
076	CANONICAL	Saul Attempts the Life of David	1 Samuel 18:11-12	1 Samuel	18	YES						
077	CANONICAL	The Escape of David Through the Window	1 Samuel 19:11-12	1 Samuel	19	YES						
078	CANONICAL	David and Jonathan	1 Samuel 20:42	1 Samuel	20	YES						
079	CANONICAL	David Showing Saul that He had Spared His Life	1 Samuel 24:10	1 Samuel	24	YES						
080	CANONICAL	Saul and the Witch of Endor	1 Samuel 28:7	1 Samuel	28	YES						
081	CANONICAL	Death of Saul	1 Samuel 31:5-6	1 Samuel	31	YES						
082	CANONICAL	Combat Between the Champions of Ish-Bosheth and David	2 Samuel 2:15-17	2 Samuel	2	YES						
083	CANONICAL	David Punishing the Ammonites	2 Samuel 12:31	2 Samuel	12	YES						
084	CANONICAL	Death of Absalom	2 Samuel 18:9	2 Samuel	18	YES						
085	CANONICAL	David Mourning the Death of Absalom	2 Samuel 18:33	2 Samuel	18	YES						
086	CANONICAL	Rizpah's Kindness Unto the Dead	2 Samuel 21:9-10	2 Samuel	21	YES						
087	CANONICAL	Abishai Saves the Life of David	2 Samuel 21:17	2 Samuel	21	YES						
088	CANONICAL	Judgment of Solomon	1 Kings 3:25-27	1 Kings	3	YES						
089	CANONICAL	Cutting Down Cedars for the Construction of the Temple	1 Kings 5:5-6	1 Kings	5	YES						
090	CANONICAL	The Disobedient Prophet Slain by a Lion	1 Kings 13:24-25	1 Kings	13	YES						
091	CANONICAL	Elijah Raiseth the Son of the Widow of Zarephath	1 Kings 17:22-23	1 Kings	17	YES						
092	CANONICAL	Slaughter of the Prophets of Baal	1 Kings 18:38-40	1 Kings	18	YES						
093	CANONICAL	Elijah Nourished by an Angel	1 Kings 19:5-6	1 Kings	19	YES						
094	CANONICAL	Slaughter of the Syrians by the Children of Israel	1 Kings 20:29	1 Kings	20	YES						
095	CANONICAL	Death of Ahab	1 Kings 22:35	1 Kings	22	YES						
096	CANONICAL	Elijah Destroys the Messengers of Ahaziah by Fire	2 Kings 1:10	2 Kings	1	YES						
097	CANONICAL	Elijah Taken Up To Heaven in a Chariot of Fire	2 Kings 2:11	2 Kings	2	YES						
098	CANONICAL	The Children Destroyed by Bears	2 Kings 2:23-24	2 Kings	2	YES						
099	CANONICAL	The Famine in Samaria	2 Kings 6:25-26	2 Kings	6	YES						
100	CANONICAL	The Death of Jezebel	2 Kings 9:33	2 Kings	9	YES						
101	CANONICAL	Jehu's Companions Finding the Remains of Jezebel	2 Kings 9:34-35	2 Kings	9	YES						
102	CANONICAL	The Strange Nations Slain by the Lions of Samaria	2 Kings 17:25	2 Kings	17	YES						
103	CANONICAL	Destruction of the Army of Sennacherib	2 Kings 19:35	2 Kings	19	YES						
104	CANONICAL	Slaughter of the Sons of Zedekiah Before Their Father	2 Kings 25:7	2 Kings	25	YES						
105	CANONICAL	The Inhabitants of Jabesh-Gilead Recovering the Bodies of Saul and His Sons	1 Chronicles 10:12	1 Chronicles	10	YES						
106	CANONICAL	Plague of Jerusalem	1 Chronicles 21:16	1 Chronicles	21	YES						
107	CANONICAL	Solomon	2 Chronicles 1:10	2 Chronicles	1	YES						
108	CANONICAL	Solomon Receiving the Queen of Sheba	2 Chronicles 9:1-2	2 Chronicles	9	YES						
109	CANONICAL	The Destruction of the Armies of the Ammonites and Moabites	2 Chronicles 20:22-23	2 Chronicles	20	YES						
110	CANONICAL	Death of Athaliah	2 Chronicles 23:13-15	2 Chronicles	23	YES						
111	CANONICAL	Cyrus Restoring the Vessels of the Temple	Ezra 1:7-8	Ezra	1	YES						
112	CANONICAL	The Rebuilding of the Temple	Ezra 3:11	Ezra	3	YES						
113	CANONICAL	Artaxerxes Granting Liberty to the Jews	Ezra 7:13	Ezra	7	YES						
114	CANONICAL	Ezra in Prayer	Ezra 9:6	Ezra	9	YES						
115	CANONICAL	Nehemiah Viewing Secretly the Ruins of the Walls of Jerusalem	Nehemiah 2:13	Nehemiah	2	YES						
116	CANONICAL	Ezra Reading the Law in the Hearing of the People	Nehemiah 8:5-6	Nehemiah	8	YES						
117	CANONICAL	The Queen Vashti Refusing to Obey the Command of Ahasuerus	Esther 1:11-12	Esther	1	YES						
118	CANONICAL	Triumph of Mordecai	Esther 6:11	Esther	6	YES						
119	CANONICAL	Esther Accusing Haman	Esther 7:5-6	Esther	7	YES						
120	CANONICAL	Job Hearing of His Ruin	Job 1:20-22	Job	1	YES						
121	CANONICAL	Job and His Friends	Job 2:11-13	Job	2	YES						
122	CANONICAL	Isaiah	Isaiah 6:8-9	Isaiah	6	YES						
123	CANONICAL	Isaiah's Vision of the Destruction of Babylon	Isaiah 13:20-21	Isaiah	13	YES						
124	CANONICAL	The Destruction of Leviathan	Isaiah 27:1	Isaiah	27	YES						
125	CANONICAL	Jeremiah	Jeremiah 1:14-15	Jeremiah	1	YES						
126	CANONICAL	Baruch Writing Jeremiah's Prophecies	Jeremiah 36:4	Jeremiah	36	YES						
127	CANONICAL	The People Mourning Over the Ruins of Jerusalem	Lamentations 1:8	Lamentations	1	YES						
128	CANONICAL	Ezekiel Prophesying	Ezekiel 1:3	Ezekiel	1	YES						
129	CANONICAL	The Vision of the Valley of the Dry Bones	Ezekiel 37:4-5	Ezekiel	37	YES						
130	CANONICAL	Daniel	Daniel 2:20-21	Daniel	2	YES						
131	CANONICAL	Shadrach, Meshach, and Abednego in the Fiery Furnace	Daniel 3:28	Daniel	3	YES						
132	CANONICAL	Daniel Interpreting the Writing on the Wall	Daniel 5:5-6	Daniel	5	YES						
133	CANONICAL	Daniel in the Den of Lions	Daniel 6:20-21	Daniel	6	YES						
134	CANONICAL	The Vision of the Four Beasts	Daniel 7:2-3	Daniel	7	YES						
135	CANONICAL	Amos	Amos 1:1	Amos	1	YES						
136	CANONICAL	Jonah Cast Forth by the Whale	Jonah 2:1,10	Jonah	2	YES						
137	CANONICAL	Jonah Preaching to the Ninevites	Jonah 3:4-5	Jonah	3	YES						
138	CANONICAL	Micah Exhorting the Israelites to Repentance	Micah 6:7-8	Micah	6	YES						
139	CANONICAL	The Vision of the Four Chariots	Zechariah 6:1	Zechariah	6	YES						
140	DEUTEROCANON	Tobias and the Angel	Tobit 6:4	Tobit	6	YES						
141	DEUTEROCANON	The Angel Raphael and the Family of Tobit	Tobit 12:15,20	Tobit	12	YES						
142	DEUTEROCANON	Judith and Holofernes	Judith 13:8	Judith	13	YES						
143	DEUTEROCANON	Judith Shows the Head of Holofernes	Judith 13:14	Judith	13	YES						
144	DEUTEROCANON	Esther Before the King	Esther 15:6-7	Esther (Greek addition)	15	YES						
145	DEUTEROCANON	Mattathias and the Apostate	1 Maccabees 2:23-24	1 Maccabees	2	YES						
146	DEUTEROCANON	Mattathias Appeals to the Jewish Refugees	1 Maccabees 2:50	1 Maccabees	2	YES						
147	DEUTEROCANON	Judas Maccabeus Pursues Timotheus	1 Maccabees 5:42	1 Maccabees	5	YES						
148	DEUTEROCANON	The Death of Eleazar	1 Maccabees 6:43,46	1 Maccabees	6	YES						
149	DEUTEROCANON	Jonathan Destroys the Temple of Dagon	1 Maccabees 10:84	1 Maccabees	10	YES						
150	DEUTEROCANON	Heliodorus Is Cast Down	2 Maccabees 3:25-27	2 Maccabees	3	YES						
151	DEUTEROCANON	The Army Appears in the Heavens	2 Maccabees 5:2	2 Maccabees	5	YES						
152	DEUTEROCANON	The Martyrdom of Eleazar the Scribe	2 Maccabees 6:30	2 Maccabees	6	YES						
153	DEUTEROCANON	The Courage of a Mother	2 Maccabees 7:29	2 Maccabees	7	YES						
154	DEUTEROCANON	The Punishment of Antiochus	2 Maccabees 9:7,9	2 Maccabees	9	YES						
155	DEUTEROCANON	The Angel Is Sent to Deliver Israel	2 Maccabees 11:8	2 Maccabees	11	YES						
156	DEUTEROCANON	Judas Maccabeus before the Army of Nicanor	2 Maccabees 15:21	2 Maccabees	15	YES						
157	DEUTEROCANON	Baruch	Baruch 3:14	Baruch	3	YES						
158	DEUTEROCANON	Susanna in the Bath	Susanna 21 / Daniel 13	Susanna / Daniel addition	13	YES						
159	DEUTEROCANON	The Justification of Susanna	Susanna 61-62 / Daniel 13	Susanna / Daniel addition	13	YES						
160	DEUTEROCANON	Daniel Confounds the Priests of Bel	Bel and the Dragon / Daniel 14	Bel and the Dragon / Daniel addition	14	YES						
161	CANONICAL	The Wise Men Guided by the Star	Matthew 2:1-2	Matthew	2	YES						
162	CANONICAL	The Flight Into Egypt	Matthew 2:13-14	Matthew	2	YES						
163	CANONICAL	The Massacre of the Innocents	Matthew 2:16	Matthew	2	YES						
164	CANONICAL	The Sermon on the Mount	Matthew 5:7-10	Matthew	5	YES						
165	CANONICAL	The Dumb Man Possessed	Matthew 12:22-25	Matthew	12	YES						
166	CANONICAL	Christ in the Synagogue	Matthew 13:54	Matthew	13	YES						
167	CANONICAL	The Daughter of Herod Receiving the Head of John the Baptist	Matthew 14:8-10	Matthew	14	YES						
168	CANONICAL	Christ Feeding the Multitude	Matthew 14:19	Matthew	14	YES						
169	CANONICAL	Jesus Healing the Sick	Matthew 15:31	Matthew	15	YES						
170	CANONICAL	The Transfiguration	Matthew 17:2-3	Matthew	17	YES						
171	CANONICAL	Jesus Healing the Lunatic	Matthew 17:14-15	Matthew	17	YES						
172	CANONICAL	Entry of Jesus Into Jerusalem	Matthew 21:7-8	Matthew	21	YES						
173	CANONICAL	Christ and the Tribute Money	Matthew 22:20-21	Matthew	22	YES						
174	CANONICAL	Jesus Praying in the Garden	Matthew 26:40-41	Matthew	26	YES						
175	CANONICAL	Jesus Scourged	Matthew 27:26	Matthew	27	YES						
176	CANONICAL	Christ Mocked	Matthew 27:29-30	Matthew	27	YES						
177	CANONICAL	The Arrival at Calvary	Matthew 27:33-34	Matthew	27	YES						
178	CANONICAL	The Erection of the Cross	Matthew 27:35	Matthew	27	YES						
179	CANONICAL	The Descent From the Cross	Matthew 27:57-58	Matthew	27	YES						
180	CANONICAL	The Dead Christ	Matthew 27:59	Matthew	27	YES						
181	CANONICAL	The Burial of Christ	Matthew 27:60-61	Matthew	27	YES						
182	CANONICAL	The Resurrection	Matthew 28:5-6	Matthew	28	YES						
183	CANONICAL	John the Baptist Preaching in the Wilderness	Mark 1:6-7	Mark	1	YES						
184	CANONICAL	The Baptism of Jesus	Mark 1:9-11	Mark	1	YES						
185	CANONICAL	The Disciples Plucking Corn on the Sabbath	Mark 2:23-25	Mark	2	YES						
186	CANONICAL	Jesus Stilling the Tempest	Mark 4:37-38	Mark	4	YES						
187	CANONICAL	Jesus Blessing the Little Children	Mark 10:13-14	Mark	10	YES						
188	CANONICAL	The Widow's Mite	Mark 12:42-43	Mark	12	YES						
189	CANONICAL	The Last Supper	Mark 14:22-24	Mark	14	YES						
190	CANONICAL	The Judas Kiss	Mark 14:45-46	Mark	14	YES						
191	CANONICAL	Jesus Falling Beneath the Cross	Mark 15:21	Mark	15	YES						
192	CANONICAL	The Ascension	Mark 16:19	Mark	16	YES						
193	CANONICAL	The Annunciation	Luke 1:26-28	Luke	1	YES						
194	CANONICAL	The Nativity	Luke 2:15-16	Luke	2	YES						
195	CANONICAL	Jesus With the Doctors	Luke 2:46-47	Luke	2	YES						
196	CANONICAL	The Temptation of Jesus	Luke 4:7-8	Luke	4	YES						
197	CANONICAL	Jesus Healing the Man Possessed With a Devil	Luke 4:36-37	Luke	4	YES						
198	CANONICAL	Jesus Preaching at the Sea of Galilee	Luke 5:3	Luke	5	YES						
199	CANONICAL	Mary Magdalene Repentant	Luke 8:2	Luke	8	YES						
200	CANONICAL	Jesus Raising Up the Daughter of Jairus	Luke 8:52-54	Luke	8	YES						
201	CANONICAL	The Good Samaritan	Luke 10:33	Luke	10	YES						
202	CANONICAL	Arrival of the Good Samaritan at the Inn	Luke 10:34-35	Luke	10	YES						
203	CANONICAL	Jesus at the House of Martha and Mary	Luke 10:41-42	Luke	10	YES						
204	CANONICAL	Jesus Preaching to the Multitude	Luke 12:29-31	Luke	12	YES						
205	CANONICAL	The Return of the Prodigal Son	Luke 15:17	Luke	15	YES						
206	CANONICAL	The Prodigal Son in the Arms of His Father	Luke 15:20-21	Luke	15	YES						
207	CANONICAL	Lazarus at the Rich Man's House	Luke 16:20-21	Luke	16	YES						
208	CANONICAL	The Pharisee and the Publican	Luke 18:11-13	Luke	18	YES						
209	CANONICAL	The Agony in the Garden	Luke 22:43-44	Luke	22	YES						
210	CANONICAL	The Crucifixion	Luke 23:34-35	Luke	23	YES						
211	CANONICAL	The Darkness at the Crucifixion	Luke 23:44-45	Luke	23	YES						
212	CANONICAL	Jesus and the Disciples Going to Emmaus	Luke 24:26-27	Luke	24	YES						
213	CANONICAL	The Marriage in Cana	John 2:5-7	John	2	YES						
214	CANONICAL	The Buyers and Sellers Driven Out of the Temple	John 2:15	John	2	YES						
215	CANONICAL	Jesus and the Woman of Samaria	John 4:13-14	John	4	YES						
216	CANONICAL	Jesus Walking on the Sea	John 6:19-20	John	6	YES						
217	CANONICAL	Jesus and the Woman Taken in Adultery	John 8:3-5	John	8	YES						
218	CANONICAL	Resurrection of Lazarus	John 11:41-43	John	11	YES						
219	CANONICAL	St. Peter Denying Christ	John 18:26-27	John	18	YES						
220	CANONICAL	The Crown of Thorns	John 19:2-3	John	19	YES						
221	CANONICAL	Christ Presented to the People	John 19:15	John	19	YES						
222	CANONICAL	Nailing Christ to the Cross	John 19:18-19	John	19	YES						
223	CANONICAL	The Miraculous Draught of Fishes	John 21:10-11	John	21	YES						
224	CANONICAL	The Descent of the Spirit	Acts 2:2-3	Acts	2	YES						
225	CANONICAL	The Apostles Preaching the Gospel	Acts 2:32-33	Acts	2	YES						
226	CANONICAL	St. Peter and St. John at the Beautiful Gate	Acts 3:6-7	Acts	3	YES						
227	CANONICAL	Death of Ananias	Acts 5:4-5	Acts	5	YES						
228	CANONICAL	Martydom of St. Stephen	Acts 7:59-60	Acts	7	YES						
229	CANONICAL	Conversion of Saul	Acts 9:3-5	Acts	9	YES						
230	CANONICAL	St. Peter the House of Cornelius	Acts 10:28	Acts	10	YES						
231	CANONICAL	St. Peter Delivered From Prison	Acts 12:7-8	Acts	12	YES						
232	CANONICAL	St. Paul at Ephesus	Acts 19:19	Acts	19	YES						
233	CANONICAL	St. Paul Rescued From the Multitude	Acts 21:34-35	Acts	21	YES						
234	CANONICAL	St. Paul Shipwrecked	Acts 27:43-44	Acts	27	YES						
235	CANONICAL	St. Paul Preaching to the Thessalonians	1 Thessalonians 2:11-12	1 Thessalonians	2	YES						
236	CANONICAL	St. John at Patmos	Revelation 1:9	Revelation	1	YES						
237	CANONICAL	The Vision of Death	Revelation 6:7-8	Revelation	6	YES						
238	CANONICAL	The Crowned Virgin: A Vision of John	Revelation 12:1-3	Revelation	12	YES						
239	CANONICAL	Babylon Fallen	Revelation 18:2	Revelation	18	YES						
240	CANONICAL	The Last Judgment	Revelation 20:12	Revelation	20	YES						
241	CANONICAL	The New Jerusalem	Revelation 21:1-2	Revelation	21	YES						