book	chapter	old_dore_id	new_dore_id	basis	local_spacing_note
Psalms	2	075	240	MESSIANIC_KING_AND_JUDGMENT	separates from Psalm 1 and removes adjacent 075 repeat
Psalms	3	085	087	DAVID_RESCUE_FROM_ENEMIES	David rescue imagery; separates adjacent grief image
Psalms	5	023	114	MORNING_PRAYER_AND_PLEA	prayer image distinct from Psalm 4
Psalms	6	085	120	AFFLICTION_AND_PLEA	Job ruin imagery for severe distress; separates David mourning reuse
Psalms	8	075	001	CREATION_GLORY	creation image matches heavens/humanity theme
Psalms	9	075	240	RIGHTEOUS_JUDGMENT	judgment throne imagery; no adjacent repeat with Psalm 8
Psalms	11	077	103	DIVINE_JUDGMENT_AND_REFUGE	Zion deliverance/judgment imagery
Psalms	12	076	116	PURE_WORDS	public reading of law as word-centered image
Psalms	13	077	114	PRAYER_HOW_LONG	prayer image, spaced from Psalm 5
Psalms	14	076	043	CORRUPTION_AND_JUDGMENT	rebellion judgment imagery
Psalms	15	078	111	HOLY_HILL_AND_DWELLING	temple restoration imagery
Psalms	16	078	181	LIFE_BEYOND_DEATH	burial image retained as canonical resurrection trajectory
Psalms	17	079	093	PRAYER_FOR_PROTECTION	angelic protection imagery
Psalms	19	075	001	HEAVENS_DECLARE_GLORY	creation/light imagery
Psalms	20	075	073	ANOINTED_KING_IN_BATTLE	kingship imagery
Psalms	21	075	118	KING_EXALTED	triumph/exaltation imagery
Psalms	24	075	172	KING_OF_GLORY_ENTRY	coming king imagery
Psalms	25	023	162	GUIDANCE_ON_THE_WAY	journey/protection imagery
Psalms	28	023	114	SUPPLICATION	prayer imagery with sufficient spacing
Psalms	31	077	087	REFUGE_AND_RESCUE	rescue-in-battle imagery
Psalms	32	122	114	CONFESSION_AND_FORGIVENESS	Ezra prayer imagery
Psalms	33	001	007	CREATOR_AND_WATERS	creation/waters imagery
Psalms	35	076	063	CONTEND_WITH_ENEMIES	warrior deliverance imagery
Psalms	36	001	161	LIGHT_AND_LOVINGKINDNESS	light to nations/star imagery
Psalms	37	023	088	RIGHTEOUS_JUSTICE	wisdom/judgment imagery
Psalms	38	125	120	SUFFERING_UNDER_WRATH	affliction imagery
Psalms	39	122	017	MORTALITY_AND_END	burial/mortality imagery
Psalms	40	023	030	DRAWN_FROM_PIT	rescue-from-waters imagery
Psalms	41	085	091	SICKNESS_AND_RESTORATION	life/death restoration imagery
Psalms	43	114	161	LIGHT_AND_TRUTH	light-guidance imagery
Psalms	47	075	118	GOD_KING_OVER_NATIONS	triumph/exaltation imagery
Psalms	49	125	017	MORTALITY_AND_REDEMPTION	burial/mortality imagery
Psalms	50	122	240	DIVINE_JUDGMENT	last-judgment imagery
Psalms	51	122	114	CONFESSION_PRAYER	existing Stage4 direct semantic mapping
Psalms	52	043	119	EVIL_RETURNS_ON_WICKED	Esther accusing Haman/reversal of evil
Psalms	53	122	043	CORRUPTION_AND_JUDGMENT	rebellion judgment imagery
Psalms	54	023	087	DELIVER_ME_FROM_ENEMIES	rescue imagery
Psalms	56	023	093	TRUST_AMID_FEAR	angel/protection imagery
Psalms	58	043	240	JUDGMENT_ON_UNJUST	judgment imagery
Psalms	60	037	094	WAR_AND_RESTORATION	war/deliverance imagery
Psalms	61	023	115	STRONG_TOWER_REFUGE	walls/city refuge imagery
Psalms	62	023	088	GOD_AS_JUDGE_AND_REFUGE	wisdom/judgment imagery
Psalms	64	023	076	HIDDEN_ENEMIES	Saul attacking David imagery
Psalms	66	037	046	WATERS_AND_DELIVERANCE	crossing Jordan imagery
Psalms	67	116	161	NATIONS_AND_LIGHT	wise men/nations light imagery
Psalms	69	176	191	SUFFERING_AND_REPROACH	passion suffering imagery distinct from mockery
Psalms	70	023	087	HASTEN_TO_DELIVER	rescue imagery
Psalms	71	023	093	LIFELONG_REFUGE	protection imagery
Psalms	73	116	088	SANCTUARY_AND_JUSTICE	wisdom/judgment imagery
Psalms	76	103	094	GOD_BREAKS_WEAPONS	war defeated imagery
Psalms	77	037	007	WATERS_AND_MIGHT	flood/waters majesty imagery
Psalms	79	127	115	RUINED_JERUSALEM	ruined-city imagery
Psalms	80	127	089	RESTORE_VINE_AND_HOUSE	building/cedar restoration imagery
Psalms	81	111	039	SINAI_AND_COMMAND	giving-law imagery
Psalms	82	088	240	JUDGE_AMONG_GODS	judgment throne imagery
Psalms	84	111	112	TEMPLE_LONGING	temple rebuilding imagery
Psalms	85	111	070	RESTORATION_AND_RETURN	return imagery
Psalms	86	023	114	PRAYER_FOR_MERCY	prayer imagery
Psalms	87	127	241	ZION_CITY	New Jerusalem/Zion imagery
Psalms	89	088	073	DAVIDIC_COVENANT_KINGSHIP	anointing/kingship imagery
Psalms	90	040	017	MORTALITY	burial/mortality imagery
Psalms	91	093	162	PROTECTION_ON_THE_WAY	journey/protection imagery
Psalms	93	007	186	LORD_MIGHTIER_THAN_WATERS	storm-stilling imagery
Psalms	95	038	039	WORSHIP_AND_HARDENING_AT_WILDERNESS	Sinai/wilderness covenant imagery
Psalms	96	072	161	NATIONS_AND_GLORY	nations/light imagery
Psalms	97	122	001	LIGHT_AND_DIVINE_GLORY	creation light imagery
Psalms	98	072	172	KING_COMES_TO_JUDGE	coming-king imagery
Psalms	99	040	039	HOLY_KING_AND_MOSES	Sinai imagery
Psalms	100	072	116	WORSHIP_AND_PRAISE	public worship/law assembly imagery
Psalms	101	088	073	RIGHTEOUS_KINGSHIP	king image
Psalms	102	127	115	ZION_REBUILT	ruined/rebuilt Jerusalem imagery
Psalms	103	023	093	MERCY_AND_HEALING	angel/provision imagery
Psalms	104	001	007	CREATION_AND_WATERS	creation/waters imagery
Psalms	108	023	075	BATTLE_CONFIDENCE	David warrior imagery
Psalms	109	023	119	ACCUSATION_AND_JUDGMENT	accusation/evil judged imagery
Psalms	110	088	172	MESSIANIC_KING	royal entry imagery
Psalms	111	039	116	WORKS_AND_PRECEPTS	law/word imagery
Psalms	112	116	071	RIGHTEOUS_HOUSEHOLD	Boaz/Ruth household righteousness imagery
Psalms	113	070	118	LIFTS_LOWLY	triumph/exaltation reversal imagery
Psalms	115	039	004	TRUE_WORSHIP_VS_IDOLS	offering/worship imagery
Psalms	116	023	091	DELIVERED_FROM_DEATH	life/death restoration imagery
Psalms	117	116	161	ALL_NATIONS_PRAISE	nations/light imagery
Psalms	119	116	040	LAW_AND_COMMANDMENTS	Moses with law tablets imagery
Psalms	120	011	076	DISTRESS_AMONG_DECEITFUL	threat/enemy imagery
Psalms	123	023	114	PRAYER_FOR_MERCY	prayer imagery
Psalms	124	046	087	ESCAPE_FROM_ENEMIES	rescue imagery
Psalms	125	115	103	ZION_SURROUNDED_PROTECTED	Jerusalem deliverance imagery
Psalms	128	071	187	FAMILY_BLESSING	children/family blessing imagery
Psalms	129	036	076	AFFLICTED_FROM_YOUTH	enemy persecution imagery
Psalms	131	071	187	CHILDLIKE_REST	children imagery
Psalms	132	072	112	ARK_AND_DWELLING	temple dwelling imagery
Psalms	133	039	078	BROTHERLY_UNITY	David/Jonathan friendship imagery
Psalms	134	089	116	TEMPLE_WORSHIP	assembly/worship imagery
Psalms	135	057	004	PRAISE_VS_IDOLS	worship imagery
Psalms	136	037	046	EXODUS_DELIVERANCE	crossing waters imagery
Psalms	138	023	114	THANKSGIVING_PRAYER	prayer imagery
Psalms	139	001	193	KNOWN_FROM_WOMB	annunciation/conception imagery
Psalms	140	023	087	DELIVER_FROM_VIOLENT	rescue imagery
Psalms	141	039	004	PRAYER_AS_INCENSE	offering/worship imagery
Psalms	142	023	114	CAVE_PRAYER	prayer imagery
Psalms	143	023	087	DELIVERANCE_PRAYER	rescue imagery
Psalms	145	023	118	KINGDOM_AND_PRAISE	royal triumph imagery
Psalms	146	015	091	GIVES_LIFE_AND_HELP	life restoration imagery
Psalms	148	001	007	CREATION_PRAISE	creation/waters imagery
Psalms	149	057	075	HOLY_WARRIOR_PRAISE	David/Goliath victory imagery
Psalms	150	072	116	SANCTUARY_PRAISE	worship assembly imagery
Isaiah	1	122	114	CONFESSION_AND_CLEANSING	separates opening chapters
Isaiah	2	122	241	ZION_EXALTED	New Jerusalem/Zion imagery
Isaiah	3	122	240	JERUSALEM_JUDGMENT	judgment imagery
Isaiah	4	122	241	ZION_RESTORED	Zion glory imagery
Isaiah	5	122	089	VINEYARD	cedar/building land imagery
Isaiah	7	001	193	IMMANUEL_SIGN	annunciation/virgin conception fulfillment
Isaiah	9	001	194	CHILD_BORN_MESSIAH	Nativity fulfillment
Isaiah	11	001	071	BRANCH_AND_PEACE	Ruth/Boaz messianic line imagery
Isaiah	12	001	046	SALVATION_SONG	deliverance crossing imagery
Isaiah	15	123	127	MOAB_LAMENT	mourning ruins imagery
Isaiah	16	123	108	THRONE_AND_TRIBUTE	king/gifts imagery
Isaiah	17	123	115	CITY_RUIN	ruined city imagery
Isaiah	18	123	161	NATIONS_AND_MESSENGERS	nations/light imagery
Isaiah	19	123	029	EGYPT	Jacob going into Egypt imagery
Isaiah	20	123	014	EXILE_SHAME	expulsion/exile imagery
Isaiah	21	123	239	FALLEN_BABYLON	Babylon-fall imagery
Isaiah	23	123	234	TYRE_SEA_TRADE_JUDGMENT	shipwreck/sea imagery
Isaiah	25	001	118	VICTORY_FEAST_AND_EXALTATION	triumph imagery
Isaiah	26	001	181	DEAD_SHALL_LIVE	burial/resurrection trajectory
Isaiah	28	103	116	TEACHING_PRECEPT_UPON_PRECEPT	law/word imagery
Isaiah	29	115	214	JERUSALEM_AND_CORRUPT_WORSHIP	temple cleansing imagery
Isaiah	30	103	087	DELIVERANCE_FROM_ENEMIES	rescue battle imagery
Isaiah	31	103	062	LION_IMAGERY	Samson/lion imagery
Isaiah	32	001	088	RIGHTEOUS_KING	wisdom/justice king imagery
Isaiah	33	001	103	ZION_DELIVERED	Jerusalem deliverance imagery
Isaiah	34	122	240	NATIONS_JUDGMENT	judgment imagery
Isaiah	36	103	115	JERUSALEM_UNDER_THREAT	walls/city imagery
Isaiah	38	114	091	HEZEKIAH_SICKNESS_RECOVERY	life/death restoration imagery
Isaiah	39	123	239	BABYLON_FUTURE	Babylon imagery
Isaiah	40	001	183	VOICE_IN_WILDERNESS	John Baptist fulfillment
Isaiah	41	111	087	FEAR_NOT_I_HELP_YOU	rescue imagery
Isaiah	42	122	198	SERVANT_TO_NATIONS	Jesus preaching imagery
Isaiah	44	232	004	IDOLATRY_VS_TRUE_GOD	true worship/offerings imagery
Isaiah	46	123	004	IDOLS_BOW_DOWN	worship/idol contrast imagery
Isaiah	47	123	239	BABYLON_HUMBLED	Babylon fall imagery
Isaiah	48	111	040	COMMANDMENTS_AND_COVENANT	law imagery
Isaiah	49	122	161	LIGHT_TO_NATIONS	nations/light imagery
Isaiah	51	001	007	CREATION_AND_COMFORT	creation imagery
Isaiah	52	111	225	GOOD_NEWS_PROCLAIMED	apostles preaching gospel imagery
Isaiah	53	210	175	SUFFERING_SERVANT	Jesus scourged; direct passion correspondence
Isaiah	54	111	241	RESTORED_CITY	New Jerusalem imagery
Isaiah	56	116	214	HOUSE_OF_PRAYER_FOR_NATIONS	temple imagery
Isaiah	57	125	120	CONTRITE_AND_AFFLICTED	affliction imagery
Isaiah	58	116	201	MERCY_AND_CARE_FOR_NEIGHBOR	Good Samaritan imagery
Isaiah	59	125	240	SIN_AND_JUDGMENT	judgment imagery
Isaiah	62	241	172	ZION_AND_COMING_SALVATION	coming king imagery
Isaiah	63	240	075	DIVINE_WARRIOR	warrior imagery
Isaiah	64	114	039	SINAI_FIRE_AND_TREMBLING	Sinai imagery
Isaiah	65	241	182	NEW_CREATION_AND_LIFE	resurrection/new-life imagery
Isaiah	66	241	192	GLORY_AND_FINAL_GATHERING	ascension/heavenly glory imagery
SUMMARY	*	155_UNIQUE	TARGET_190_210	ROUND3_LOCAL_SPACING_NO_FORCED_MATCHES	prefer >=8 chapter reuse spacing where semantically possible